{
  "Cluster Aggregate": {
    "24": {
      "avg_precision": 0, 
      "agg_metric": 0
    }, 
    "25": {
      "avg_precision": 0.03655188708005609, 
      "agg_metric": 0
    }, 
    "26": {
      "avg_precision": 0.9368389486308515, 
      "agg_metric": 0
    }, 
    "27": {
      "avg_precision": 0.950516542605194, 
      "agg_metric": 0
    }, 
    "20": {
      "avg_precision": 0.021780303030303032, 
      "agg_metric": 0
    }, 
    "21": {
      "avg_precision": 0.06229643372500515, 
      "agg_metric": 0
    }, 
    "22": {
      "avg_precision": 0.023977823977823977, 
      "agg_metric": 0
    }, 
    "23": {
      "avg_precision": 0.04893980984206549, 
      "agg_metric": 0
    }, 
    "28": {
      "avg_precision": 0.011442006269592476, 
      "agg_metric": 0
    }, 
    "29": {
      "avg_precision": 0.037522176908366164, 
      "agg_metric": 0
    }, 
    "4": {
      "avg_precision": 0.2322553893219274, 
      "agg_metric": 0
    }, 
    "8": {
      "avg_precision": 0, 
      "agg_metric": 0
    }, 
    "59": {
      "avg_precision": 0.03333333333333333, 
      "agg_metric": 0
    }, 
    "58": {
      "avg_precision": 0, 
      "agg_metric": 0
    }, 
    "55": {
      "avg_precision": 0.8643074144402867, 
      "agg_metric": 0
    }, 
    "54": {
      "avg_precision": 0.6869565217391305, 
      "agg_metric": 0
    }, 
    "57": {
      "avg_precision": 0.72, 
      "agg_metric": 0
    }, 
    "56": {
      "avg_precision": 0, 
      "agg_metric": 0
    }, 
    "51": {
      "avg_precision": 0.9413790212221551, 
      "agg_metric": 0
    }, 
    "50": {
      "avg_precision": 0.0967741935483871, 
      "agg_metric": 0
    }, 
    "53": {
      "avg_precision": 0.8752776068399912, 
      "agg_metric": 0
    }, 
    "52": {
      "avg_precision": 0.922705566105607, 
      "agg_metric": 0
    }, 
    "88": {
      "avg_precision": 0.6521543507385225, 
      "agg_metric": 0
    }, 
    "89": {
      "avg_precision": 0.019576719576719578, 
      "agg_metric": 0
    }, 
    "82": {
      "avg_precision": 0.9388404953498114, 
      "agg_metric": 0
    }, 
    "83": {
      "avg_precision": 0.00046728971962616824, 
      "agg_metric": 0
    }, 
    "80": {
      "avg_precision": 0, 
      "agg_metric": 0
    }, 
    "81": {
      "avg_precision": 1.0, 
      "agg_metric": 0
    }, 
    "86": {
      "avg_precision": 0.7824556865620772, 
      "agg_metric": 0
    }, 
    "87": {
      "avg_precision": 0.1326254826254826, 
      "agg_metric": 0
    }, 
    "84": {
      "avg_precision": 0.8156356203330156, 
      "agg_metric": 0
    }, 
    "85": {
      "avg_precision": 1.0, 
      "agg_metric": 0
    }, 
    "3": {
      "avg_precision": 0.014242424242424242, 
      "agg_metric": 0
    }, 
    "7": {
      "avg_precision": 0.13642379445950872, 
      "agg_metric": 0
    }, 
    "100": {
      "avg_precision": 0.5121878502347581, 
      "agg_metric": 0
    }, 
    "39": {
      "avg_precision": 0.5808221568155731, 
      "agg_metric": 0
    }, 
    "38": {
      "avg_precision": 0.6020096295290955, 
      "agg_metric": 0
    }, 
    "33": {
      "avg_precision": 0.001282051282051282, 
      "agg_metric": 0
    }, 
    "32": {
      "avg_precision": 0, 
      "agg_metric": 0
    }, 
    "31": {
      "avg_precision": 0.16485025990723673, 
      "agg_metric": 0
    }, 
    "30": {
      "avg_precision": 0.49214274830956284, 
      "agg_metric": 0
    }, 
    "37": {
      "avg_precision": 0.671302870606863, 
      "agg_metric": 0
    }, 
    "36": {
      "avg_precision": 0, 
      "agg_metric": 0
    }, 
    "35": {
      "avg_precision": 0.07722772277227723, 
      "agg_metric": 0
    }, 
    "34": {
      "avg_precision": 0.16666666666666666, 
      "agg_metric": 0
    }, 
    "60": {
      "avg_precision": 0.9544010746343491, 
      "agg_metric": 0
    }, 
    "61": {
      "avg_precision": 0, 
      "agg_metric": 0
    }, 
    "62": {
      "avg_precision": 0.9615111620534502, 
      "agg_metric": 0
    }, 
    "63": {
      "avg_precision": 0.7580587839588796, 
      "agg_metric": 0
    }, 
    "64": {
      "avg_precision": 0.6957438692276242, 
      "agg_metric": 0
    }, 
    "65": {
      "avg_precision": 0.6709677419354839, 
      "agg_metric": 0
    }, 
    "66": {
      "avg_precision": 0.9824849141531337, 
      "agg_metric": 0
    }, 
    "67": {
      "avg_precision": 1.0, 
      "agg_metric": 0
    }, 
    "68": {
      "avg_precision": 0.881441597212968, 
      "agg_metric": 0
    }, 
    "69": {
      "avg_precision": 0.07744107744107745, 
      "agg_metric": 0
    }, 
    "2": {
      "avg_precision": 0.0136986301369863, 
      "agg_metric": 0
    }, 
    "6": {
      "avg_precision": 0.05548698468254503, 
      "agg_metric": 0
    }, 
    "99": {
      "avg_precision": 0.44594594594594594, 
      "agg_metric": 0
    }, 
    "98": {
      "avg_precision": 0.5622770589560191, 
      "agg_metric": 0
    }, 
    "91": {
      "avg_precision": 0.8098697766078772, 
      "agg_metric": 0
    }, 
    "90": {
      "avg_precision": 0.16606653527106674, 
      "agg_metric": 0
    }, 
    "93": {
      "avg_precision": 0.889641421713366, 
      "agg_metric": 0
    }, 
    "92": {
      "avg_precision": 0.05842589428115744, 
      "agg_metric": 0
    }, 
    "95": {
      "avg_precision": 0.5021930780858154, 
      "agg_metric": 0
    }, 
    "97": {
      "avg_precision": 0.5430004565349213, 
      "agg_metric": 0
    }, 
    "96": {
      "avg_precision": 0.8046186619253398, 
      "agg_metric": 0
    }, 
    "11": {
      "avg_precision": 0.40428390818175397, 
      "agg_metric": 0
    }, 
    "10": {
      "avg_precision": 0.16232055587797406, 
      "agg_metric": 0
    }, 
    "13": {
      "avg_precision": 0.02258064516129032, 
      "agg_metric": 0
    }, 
    "12": {
      "avg_precision": 0.6124586953007636, 
      "agg_metric": 0
    }, 
    "15": {
      "avg_precision": 0.178714859437751, 
      "agg_metric": 0
    }, 
    "14": {
      "avg_precision": 0.07204205579721928, 
      "agg_metric": 0
    }, 
    "17": {
      "avg_precision": 0.022575250836120404, 
      "agg_metric": 0
    }, 
    "16": {
      "avg_precision": 0.0032204371110146185, 
      "agg_metric": 0
    }, 
    "19": {
      "avg_precision": 0.21864896085129307, 
      "agg_metric": 0
    }, 
    "18": {
      "avg_precision": 0.02393500473592007, 
      "agg_metric": 0
    }, 
    "48": {
      "avg_precision": 0.07342342342342342, 
      "agg_metric": 0
    }, 
    "49": {
      "avg_precision": 0, 
      "agg_metric": 0
    }, 
    "46": {
      "avg_precision": 0.9985620598828147, 
      "agg_metric": 0
    }, 
    "47": {
      "avg_precision": 0.9362435697611519, 
      "agg_metric": 0
    }, 
    "44": {
      "avg_precision": 0.8051461043276766, 
      "agg_metric": 0
    }, 
    "45": {
      "avg_precision": 0.9760318108361445, 
      "agg_metric": 0
    }, 
    "42": {
      "avg_precision": 0.9408853439566063, 
      "agg_metric": 0
    }, 
    "43": {
      "avg_precision": 0.9507489708722272, 
      "agg_metric": 0
    }, 
    "40": {
      "avg_precision": 0, 
      "agg_metric": 0
    }, 
    "41": {
      "avg_precision": 0.2702383266852013, 
      "agg_metric": 0
    }, 
    "1": {
      "avg_precision": 0.49224108508340775, 
      "agg_metric": 0
    }, 
    "5": {
      "avg_precision": 0.18121022772756254, 
      "agg_metric": 0
    }, 
    "9": {
      "avg_precision": 0.20632731296636536, 
      "agg_metric": 0
    }, 
    "77": {
      "avg_precision": 1.0, 
      "agg_metric": 0
    }, 
    "76": {
      "avg_precision": 0.8865234261627738, 
      "agg_metric": 0
    }, 
    "75": {
      "avg_precision": 0.11427370938240504, 
      "agg_metric": 0
    }, 
    "74": {
      "avg_precision": 0.22259436276361547, 
      "agg_metric": 0
    }, 
    "73": {
      "avg_precision": 0, 
      "agg_metric": 0
    }, 
    "72": {
      "avg_precision": 0.5792013097278833, 
      "agg_metric": 0
    },