{
  "Cluster Aggregate": {
    "24": {
      "avg_precision": 0.0014017853327860216, 
      "agg_metric": 0
    }, 
    "25": {
      "avg_precision": 0.942950744113473, 
      "agg_metric": 0
    }, 
    "26": {
      "avg_precision": 0.9259704232043481, 
      "agg_metric": 0
    }, 
    "27": {
      "avg_precision": 0.9704182035868772, 
      "agg_metric": 1
    }, 
    "20": {
      "avg_precision": 0.7235950981252376, 
      "agg_metric": 0
    }, 
    "21": {
      "avg_precision": 0.006206792046049521, 
      "agg_metric": 0
    }, 
    "22": {
      "avg_precision": 0, 
      "agg_metric": 0
    }, 
    "23": {
      "avg_precision": 0, 
      "agg_metric": 0
    }, 
    "28": {
      "avg_precision": 0.398345577330565, 
      "agg_metric": 0
    }, 
    "29": {
      "avg_precision": 0.9981884057971014, 
      "agg_metric": 0
    }, 
    "4": {
      "avg_precision": 0.0002545245210281885, 
      "agg_metric": 0
    }, 
    "8": {
      "avg_precision": 0.9885101077697224, 
      "agg_metric": 1
    }, 
    "59": {
      "avg_precision": 0, 
      "agg_metric": 0
    }, 
    "58": {
      "avg_precision": 0.5916990534819466, 
      "agg_metric": 0
    }, 
    "55": {
      "avg_precision": 0.9460394877344414, 
      "agg_metric": 1
    }, 
    "54": {
      "avg_precision": 2.8510334996436207e-05, 
      "agg_metric": 0
    }, 
    "57": {
      "avg_precision": 1.0, 
      "agg_metric": 1
    }, 
    "56": {
      "avg_precision": 0.27586206896551724, 
      "agg_metric": 0
    }, 
    "51": {
      "avg_precision": 0, 
      "agg_metric": 0
    }, 
    "50": {
      "avg_precision": 0.7896345432606707, 
      "agg_metric": 1
    }, 
    "53": {
      "avg_precision": 0.9163820918021531, 
      "agg_metric": 0
    }, 
    "52": {
      "avg_precision": 0.9757200746139947, 
      "agg_metric": 0
    }, 
    "88": {
      "avg_precision": 0.9928916886253841, 
      "agg_metric": 0
    }, 
    "89": {
      "avg_precision": 0, 
      "agg_metric": 0
    }, 
    "82": {
      "avg_precision": 0, 
      "agg_metric": 1
    }, 
    "83": {
      "avg_precision": 0.9285545075626016, 
      "agg_metric": 1
    }, 
    "80": {
      "avg_precision": 0.8433734939759037, 
      "agg_metric": 1
    }, 
    "81": {
      "avg_precision": 0.96875, 
      "agg_metric": 0
    }, 
    "86": {
      "avg_precision": 0.966242182142334, 
      "agg_metric": 0
    }, 
    "87": {
      "avg_precision": 0.21621621621621623, 
      "agg_metric": 1
    }, 
    "84": {
      "avg_precision": 0.9604486227591756, 
      "agg_metric": 0
    }, 
    "85": {
      "avg_precision": 2.292736610418195e-05, 
      "agg_metric": 1
    }, 
    "3": {
      "avg_precision": 0, 
      "agg_metric": 0
    }, 
    "7": {
      "avg_precision": 0.47724633355095947, 
      "agg_metric": 0
    }, 
    "100": {
      "avg_precision": 0.9148936170212766, 
      "agg_metric": 1
    }, 
    "39": {
      "avg_precision": 0.9771143367068974, 
      "agg_metric": 0
    }, 
    "38": {
      "avg_precision": 0, 
      "agg_metric": 0
    }, 
    "33": {
      "avg_precision": 0.24766470418749673, 
      "agg_metric": 0
    }, 
    "32": {
      "avg_precision": 0.7784256559766763, 
      "agg_metric": 0
    }, 
    "31": {
      "avg_precision": 1.0, 
      "agg_metric": 1
    }, 
    "30": {
      "avg_precision": 0.4739551104056221, 
      "agg_metric": 1
    }, 
    "37": {
      "avg_precision": 0.8222222222222222, 
      "agg_metric": 0
    }, 
    "36": {
      "avg_precision": 0, 
      "agg_metric": 0
    }, 
    "35": {
      "avg_precision": 0.0004917770426586251, 
      "agg_metric": 0
    }, 
    "34": {
      "avg_precision": 0, 
      "agg_metric": 0
    }, 
    "60": {
      "avg_precision": 0.005296389365295213, 
      "agg_metric": 0
    }, 
    "61": {
      "avg_precision": 0.8925406725333032, 
      "agg_metric": 1
    }, 
    "62": {
      "avg_precision": 0.9812623516119501, 
      "agg_metric": 1
    }, 
    "63": {
      "avg_precision": 0.9929445664755622, 
      "agg_metric": 1
    }, 
    "64": {
      "avg_precision": 0.9286356148214957, 
      "agg_metric": 0
    }, 
    "65": {
      "avg_precision": 0.06234197843774499, 
      "agg_metric": 0
    }, 
    "66": {
      "avg_precision": 0.9227662319414669, 
      "agg_metric": 1
    }, 
    "67": {
      "avg_precision": 0.9444444444444444, 
      "agg_metric": 0
    }, 
    "68": {
      "avg_precision": 0.9596815258102609, 
      "agg_metric": 1
    }, 
    "69": {
      "avg_precision": 0.0017992474964515324, 
      "agg_metric": 1
    }, 
    "2": {
      "avg_precision": 0.0010467994714570058, 
      "agg_metric": 0
    }, 
    "6": {
      "avg_precision": 0.2910128435584471, 
      "agg_metric": 0
    }, 
    "99": {
      "avg_precision": 0.42501879735584325, 
      "agg_metric": 0
    }, 
    "98": {
      "avg_precision": 0, 
      "agg_metric": 0
    }, 
    "91": {
      "avg_precision": 0.010621112843533792, 
      "agg_metric": 1
    }, 
    "90": {
      "avg_precision": 0.4693898035091083, 
      "agg_metric": 1
    }, 
    "93": {
      "avg_precision": 1.0, 
      "agg_metric": 0
    }, 
    "92": {
      "avg_precision": 0.889117050863904, 
      "agg_metric": 1
    }, 
    "95": {
      "avg_precision": 0.9318823680682489, 
      "agg_metric": 1
    }, 
    "97": {
      "avg_precision": 0.9560439560439561, 
      "agg_metric": 0
    }, 
    "96": {
      "avg_precision": 0.042864791420491745, 
      "agg_metric": 0
    }, 
    "11": {
      "avg_precision": 0.8739469128660958, 
      "agg_metric": 0
    }, 
    "10": {
      "avg_precision": 0.8728872415662521, 
      "agg_metric": 1
    }, 
    "13": {
      "avg_precision": 0, 
      "agg_metric": 0
    }, 
    "12": {
      "avg_precision": 0.7320380898663831, 
      "agg_metric": 0
    }, 
    "15": {
      "avg_precision": 0.991736766516845, 
      "agg_metric": 0
    }, 
    "14": {
      "avg_precision": 0.3339868523661163, 
      "agg_metric": 0
    }, 
    "17": {
      "avg_precision": 0.8986464121476089, 
      "agg_metric": 1
    }, 
    "16": {
      "avg_precision": 0, 
      "agg_metric": 0
    }, 
    "19": {
      "avg_precision": 0.40326834259262995, 
      "agg_metric": 0
    }, 
    "18": {
      "avg_precision": 0.9183511027836375, 
      "agg_metric": 1
    }, 
    "48": {
      "avg_precision": 0, 
      "agg_metric": 0
    }, 
    "49": {
      "avg_precision": 0, 
      "agg_metric": 0
    }, 
    "46": {
      "avg_precision": 1.0, 
      "agg_metric": 1
    }, 
    "47": {
      "avg_precision": 0.9674698477038745, 
      "agg_metric": 1
    }, 
    "44": {
      "avg_precision": 0.0014532104993137751, 
      "agg_metric": 1
    }, 
    "45": {
      "avg_precision": 0.9295260102814137, 
      "agg_metric": 1
    }, 
    "42": {
      "avg_precision": 0.006345211712446784, 
      "agg_metric": 1
    }, 
    "43": {
      "avg_precision": 0.9200757310685529, 
      "agg_metric": 0
    }, 
    "40": {
      "avg_precision": 0.44886022038915113, 
      "agg_metric": 1
    }, 
    "41": {
      "avg_precision": 0.7363399207508533, 
      "agg_metric": 0
    }, 
    "1": {
      "avg_precision": 0.47173133172090165, 
      "agg_metric": 0
    }, 
    "5": {
      "avg_precision": 0.9471939676485132, 
      "agg_metric": 0
    }, 
    "9": {
      "avg_precision": 0.5348909474504902, 
      "agg_metric": 0
    }, 
    "77": {
      "avg_precision": 1.0, 
      "agg_metric": 1
    }, 
    "76": {
      "avg_precision": 0.001639393455892104, 
      "agg_metric": 0
    }, 
    "75": {
      "avg_precision": 0.9572649127853882, 
      "agg_metric": 0
    }, 
    "74": {
      "avg_precision": 0.6015935713013102, 
      "agg_metric": 0
    }, 
    "73": {
      "avg_precision": 0.7465447130232457, 
      "agg_metric": 1
    }, 
    "72": {
      "avg_precision": 0.003374957540904144, 
      "agg_metric": 0
    }, 
    "71": {
      "avg_precision": 0.8789463928751526, 
      "agg_metric": 0
    },