{
  "Pure Aggregate": {
    "11": {
      "avg_precision": 0.6456866762204199, 
      "agg_metric": 1
    }, 
    "10": {
      "avg_precision": 1.0, 
      "agg_metric": 1
    }, 
    "13": {
      "avg_precision": 0.24746007239128515, 
      "agg_metric": 0
    }, 
    "12": {
      "avg_precision": 0.3327614631739676, 
      "agg_metric": 1
    }, 
    "15": {
      "avg_precision": 0.6728958675389558, 
      "agg_metric": 0
    }, 
    "14": {
      "avg_precision": 0.9727227299060948, 
      "agg_metric": 1
    }, 
    "1": {
      "avg_precision": 0.9228773144103001, 
      "agg_metric": 1
    }, 
    "3": {
      "avg_precision": 0.708072220257684, 
      "agg_metric": 1
    }, 
    "2": {
      "avg_precision": 0.11213578794999512, 
      "agg_metric": 0
    }, 
    "5": {
      "avg_precision": 0.13780479564797712, 
      "agg_metric": 0
    }, 
    "4": {
      "avg_precision": 0.0007034974127857281, 
      "agg_metric": 0
    }, 
    "7": {
      "avg_precision": 0.9946879706777175, 
      "agg_metric": 1
    }, 
    "6": {
      "avg_precision": 0.9934661247334197, 
      "agg_metric": 1
    }, 
    "9": {
      "avg_precision": 0.9042140338888154, 
      "agg_metric": 1
    }, 
    "8": {
      "avg_precision": 1.0, 
      "agg_metric": 1
    }
  }
}