{
  "Cluster Identification": {
    "NYU": {
      "17": {
        "avg_precision": 0
      }, 
      "49": {
        "avg_precision": 0.03829717933685102
      }, 
      "19": {
        "avg_precision": 0.00818452380952381
      }, 
      "37": {
        "avg_precision": 0.014166666666666666
      }, 
      "29": {
        "avg_precision": 0.03479387631408092
      }, 
      "50": {
        "avg_precision": 0.017105871474803514
      }, 
      "3": {
        "avg_precision": 0
      }
    }, 
    "JPL": {
      "17": {
        "avg_precision": 0.009615384615384616
      }, 
      "49": {
        "avg_precision": 0.015503875968992248
      }, 
      "19": {
        "avg_precision": 0.028645833333333332
      }, 
      "37": {
        "avg_precision": 0
      }, 
      "29": {
        "avg_precision": 0.006666666666666667
      }, 
      "50": {
        "avg_precision": 0
      }, 
      "3": {
        "avg_precision": 0
      }
    }, 
    "HG": {
      "17": {
        "avg_precision": 0.18194644473231764
      }, 
      "49": {
        "avg_precision": 0.12505162715989732
      }, 
      "19": {
        "avg_precision": 0.2692493939015396
      }, 
      "37": {
        "avg_precision": 0.39529432279209537
      }, 
      "29": {
        "avg_precision": 0.251325219420264
      }, 
      "50": {
        "avg_precision": 0.31943283480908813
      }, 
      "3": {
        "avg_precision": 0.2445282617037223
      }
    }
  }
}