{
  "Cluster Identification": {
    "NYU": {
      "17": {
        "avg_precision": 0
      }, 
      "49": {
        "avg_precision": 0.03875968992248062
      }, 
      "19": {
        "avg_precision": 0
      }, 
      "37": {
        "avg_precision": 0.02895833333333333
      }, 
      "50": {
        "avg_precision": 0.008032824780397595
      }, 
      "29": {
        "avg_precision": 0.006666666666666667
      }, 
      "3": {
        "avg_precision": 0
      }
    }, 
    "JPL": {
      "17": {
        "avg_precision": 0
      }, 
      "49": {
        "avg_precision": 0.015503875968992248
      }, 
      "19": {
        "avg_precision": 0.020833333333333332
      }, 
      "37": {
        "avg_precision": 0
      }, 
      "29": {
        "avg_precision": 0.006666666666666667
      }, 
      "50": {
        "avg_precision": 0
      }, 
      "3": {
        "avg_precision": 0
      }
    }, 
    "HG": {
      "17": {
        "avg_precision": 0.17307692307692307
      }, 
      "49": {
        "avg_precision": 0.13178294573643412
      }, 
      "19": {
        "avg_precision": 0.1820175438596491
      }, 
      "37": {
        "avg_precision": 0.16912438791514006
      }, 
      "29": {
        "avg_precision": 0.23056838182220413
      }, 
      "50": {
        "avg_precision": 0.2912621359223301
      }, 
      "3": {
        "avg_precision": 0.9866269841269841
      }
    }
  }
}