{
  "Cluster Identification": {
    "NYU": {
      "17": {
        "avg_precision": 0
      }, 
      "49": {
        "avg_precision": 0.04127823081311453
      }, 
      "19": {
        "avg_precision": 0.005555555555555556
      }, 
      "37": {
        "avg_precision": 0.022187500000000002
      }, 
      "50": {
        "avg_precision": 0.028478964401294497
      }, 
      "29": {
        "avg_precision": 0.05394080543925745
      }, 
      "3": {
        "avg_precision": 0
      }
    }, 
    "JPL": {
      "17": {
        "avg_precision": 0.11959836368983787
      }, 
      "49": {
        "avg_precision": 0.5035526465206825
      }, 
      "19": {
        "avg_precision": 0.4747783230440048
      }, 
      "37": {
        "avg_precision": 0.0125
      }, 
      "50": {
        "avg_precision": 0.3710478859310921
      }, 
      "29": {
        "avg_precision": 0.3595668543129993
      }, 
      "3": {
        "avg_precision": 0
      }
    }, 
    "HG": {
      "17": {
        "avg_precision": 0.4210781649509976
      }, 
      "49": {
        "avg_precision": 0.16940168076630935
      }, 
      "19": {
        "avg_precision": 0.2597050292555
      }, 
      "37": {
        "avg_precision": 0.2840842140952359
      }, 
      "50": {
        "avg_precision": 0.44284670857543057
      }, 
      "29": {
        "avg_precision": 0.08586265977452223
      }, 
      "3": {
        "avg_precision": 0
      }
    }
  }
}