{
  "Cluster Facet": {
    "NYU": {
      "25": {
        "avg_precision": 0
      }, 
      "26": {
        "avg_precision": 0.011111111111111112
      }, 
      "22": {
        "avg_precision": 0.016
      }, 
      "17": {
        "avg_precision": 0
      }, 
      "47": {
        "avg_precision": 0.018867924528301886
      }, 
      "37": {
        "avg_precision": 0.03787878787878788
      }, 
      "9": {
        "avg_precision": 0.01
      }
    }, 
    "JPL": {
      "25": {
        "avg_precision": 0.05434782608695652
      }, 
      "26": {
        "avg_precision": 0.4675760476524727
      }, 
      "22": {
        "avg_precision": 0.014492753623188406
      }, 
      "17": {
        "avg_precision": 0.8
      }, 
      "47": {
        "avg_precision": 0.9707949121331311
      }, 
      "37": {
        "avg_precision": 0.3924173542395306
      }, 
      "9": {
        "avg_precision": 0.013157894736842105
      }
    }, 
    "HG": {
      "25": {
        "avg_precision": 0.17857142857142858
      }, 
      "26": {
        "avg_precision": 0.13429584553971807
      }, 
      "22": {
        "avg_precision": 0.20253164556962025
      }, 
      "17": {
        "avg_precision": 0.1294326241134752
      }, 
      "47": {
        "avg_precision": 0.8305630755713092
      }, 
      "37": {
        "avg_precision": 0.5937023151274808
      }, 
      "9": {
        "avg_precision": 0.05238095238095238
      }
    }
  }
}