{
  "Cluster Facet": {
    "NYU": {
      "25": {
        "avg_precision": 0
      }, 
      "26": {
        "avg_precision": 0.03225806451612903
      }, 
      "22": {
        "avg_precision": 0
      }, 
      "17": {
        "avg_precision": 0
      }, 
      "47": {
        "avg_precision": 0.007352941176470588
      }, 
      "37": {
        "avg_precision": "NA"
      }, 
      "9": {
        "avg_precision": 0
      }
    }, 
    "JPL": {
      "25": {
        "avg_precision": 0
      }, 
      "26": {
        "avg_precision": 0
      }, 
      "22": {
        "avg_precision": 0.015151515151515152
      }, 
      "17": {
        "avg_precision": 0
      }, 
      "47": {
        "avg_precision": 0.0006933294409575244
      }, 
      "37": {
        "avg_precision": "NA"
      }, 
      "9": {
        "avg_precision": 0
      }
    }, 
    "HG": {
      "25": {
        "avg_precision": 0.09425019425019425
      }, 
      "26": {
        "avg_precision": 0.3050542752630039
      }, 
      "22": {
        "avg_precision": 0.09283199965018146
      }, 
      "17": {
        "avg_precision": 0
      }, 
      "47": {
        "avg_precision": 0.7882190124045538
      }, 
      "37": {
        "avg_precision": "NA"
      }, 
      "9": {
        "avg_precision": 0.00392156862745098
      }
    }
  }
}