{
  "Cluster Facet": {
    "NYU": {
      "25": {
        "avg_precision": 0.6533196749925461
      }, 
      "26": {
        "avg_precision": 0.011111111111111112
      }, 
      "22": {
        "avg_precision": 0.5050069366229132
      }, 
      "17": {
        "avg_precision": 0.027777777777777776
      }, 
      "47": {
        "avg_precision": 0.9433962264150944
      }, 
      "37": {
        "avg_precision": 0.4125623669780368
      }, 
      "9": {
        "avg_precision": 0.9484990509919574
      }
    }, 
    "JPL": {
      "25": {
        "avg_precision": 0.9488757272100308
      }, 
      "26": {
        "avg_precision": 0.5100696765632109
      }, 
      "22": {
        "avg_precision": 0.8866399440023244
      }, 
      "17": {
        "avg_precision": 0
      }, 
      "47": {
        "avg_precision": 0
      }, 
      "37": {
        "avg_precision": 0.33382942994209036
      }, 
      "9": {
        "avg_precision": 0.9373364448933347
      }
    }, 
    "HG": {
      "25": {
        "avg_precision": 0.047619047619047616
      }, 
      "26": {
        "avg_precision": 0.12361111111111112
      }, 
      "22": {
        "avg_precision": 0.06329113924050633
      }, 
      "17": {
        "avg_precision": 0.07313023855577047
      }, 
      "47": {
        "avg_precision": 0.6511627906976745
      }, 
      "37": {
        "avg_precision": 0.0012973321858864028
      }, 
      "9": {
        "avg_precision": 0.35714285714285715
      }
    }
  }
}