{
  "Cluster Facet": {
    "NYU": {
      "25": {
        "avg_precision": 0.5564333707172857
      }, 
      "26": {
        "avg_precision": 0.9734225638485122
      }, 
      "22": {
        "avg_precision": 0.7311898570227812
      }, 
      "17": {
        "avg_precision": 0.31547619047619047
      }, 
      "47": {
        "avg_precision": 0.05660377358490566
      }, 
      "37": {
        "avg_precision": 0.4609433256620682
      }, 
      "9": {
        "avg_precision": 0.011666666666666667
      }
    }, 
    "JPL": {
      "25": {
        "avg_precision": 0.0180791269355262
      }, 
      "26": {
        "avg_precision": 0
      }, 
      "22": {
        "avg_precision": 0.003272555948536974
      }, 
      "17": {
        "avg_precision": 0.00909090909090909
      }, 
      "47": {
        "avg_precision": 0.024245472837022133
      }, 
      "37": {
        "avg_precision": 0.0017857142857142859
      }, 
      "9": {
        "avg_precision": 0.0034862798020692757
      }
    }, 
    "HG": {
      "25": {
        "avg_precision": 0.7296551154353605
      }, 
      "26": {
        "avg_precision": 0.8750013870673249
      }, 
      "22": {
        "avg_precision": 0.9400866767187007
      }, 
      "17": {
        "avg_precision": 0.2842302317155542
      }, 
      "47": {
        "avg_precision": 0.49766276931090087
      }, 
      "37": {
        "avg_precision": 0.3865751987003892
      }, 
      "9": {
        "avg_precision": 0.6006646364839643
      }
    }
  }
}