{
  "Cluster Aggregate": {
    "30": {
      "avg_precision": 0.01098901098901099, 
      "agg_metric": 0
    }, 
    "28": {
      "avg_precision": 0, 
      "agg_metric": 0
    }, 
    "36": {
      "avg_precision": 0.0007722007722007722, 
      "agg_metric": 0
    }, 
    "60": {
      "avg_precision": 0.014598540145985401, 
      "agg_metric": 0
    }, 
    "61": {
      "avg_precision": 0, 
      "agg_metric": 0
    }, 
    "62": {
      "avg_precision": 0, 
      "agg_metric": 0
    }, 
    "89": {
      "avg_precision": 0, 
      "agg_metric": 0
    }, 
    "64": {
      "avg_precision": 0.017857142857142856, 
      "agg_metric": 0
    }, 
    "35": {
      "avg_precision": 0.03560118177057327, 
      "agg_metric": 0
    }, 
    "66": {
      "avg_precision": 0.03333333333333333, 
      "agg_metric": 0
    }, 
    "67": {
      "avg_precision": 0.0024154589371980675, 
      "agg_metric": 0
    }, 
    "68": {
      "avg_precision": 0.015037593984962405, 
      "agg_metric": 0
    }, 
    "69": {
      "avg_precision": 0.03896984283631427, 
      "agg_metric": 0
    }, 
    "81": {
      "avg_precision": 0.0043797680254353075, 
      "agg_metric": 0
    }, 
    "86": {
      "avg_precision": 0, 
      "agg_metric": 0
    }, 
    "87": {
      "avg_precision": 0, 
      "agg_metric": 0
    }, 
    "84": {
      "avg_precision": 0, 
      "agg_metric": 0
    }, 
    "85": {
      "avg_precision": 0.017241379310344827, 
      "agg_metric": 0
    }, 
    "24": {
      "avg_precision": 0.1672822294383371, 
      "agg_metric": 0
    }, 
    "26": {
      "avg_precision": 0.15555555555555556, 
      "agg_metric": 0
    }, 
    "27": {
      "avg_precision": 0.05185185185185185, 
      "agg_metric": 0
    }, 
    "21": {
      "avg_precision": 0.018066589495160924, 
      "agg_metric": 0
    }, 
    "22": {
      "avg_precision": 0.0033783783783783786, 
      "agg_metric": 0
    }, 
    "49": {
      "avg_precision": 0.7051984394193858, 
      "agg_metric": 0
    }, 
    "23": {
      "avg_precision": 0.25229942136006933, 
      "agg_metric": 0
    }, 
    "44": {
      "avg_precision": 0, 
      "agg_metric": 0
    }, 
    "32": {
      "avg_precision": 0, 
      "agg_metric": 0
    }, 
    "42": {
      "avg_precision": 0, 
      "agg_metric": 0
    }, 
    "29": {
      "avg_precision": 0.22634472470888214, 
      "agg_metric": 0
    }, 
    "40": {
      "avg_precision": 0.15422582049587483, 
      "agg_metric": 0
    }, 
    "41": {
      "avg_precision": 0, 
      "agg_metric": 0
    }, 
    "1": {
      "avg_precision": 0.39125682735099426, 
      "agg_metric": 0
    }, 
    "82": {
      "avg_precision": 0, 
      "agg_metric": 0
    }, 
    "3": {
      "avg_precision": 0.7385940656557503, 
      "agg_metric": 0
    }, 
    "2": {
      "avg_precision": 0.22816549664433133, 
      "agg_metric": 0
    }, 
    "5": {
      "avg_precision": 0.25, 
      "agg_metric": 0
    }, 
    "4": {
      "avg_precision": 0.03333333333333333, 
      "agg_metric": 0
    }, 
    "7": {
      "avg_precision": 0.19027222777222777, 
      "agg_metric": 0
    }, 
    "6": {
      "avg_precision": 0, 
      "agg_metric": 0
    }, 
    "8": {
      "avg_precision": 0.18181818181818182, 
      "agg_metric": 0
    }, 
    "78": {
      "avg_precision": 0.026785714285714284, 
      "agg_metric": 0
    }, 
    "18": {
      "avg_precision": 0, 
      "agg_metric": 0
    }, 
    "74": {
      "avg_precision": 0, 
      "agg_metric": 0
    }, 
    "13": {
      "avg_precision": 0, 
      "agg_metric": 0
    }, 
    "98": {
      "avg_precision": 0.010582010582010581, 
      "agg_metric": 0
    }, 
    "12": {
      "avg_precision": 0.008620689655172414, 
      "agg_metric": 0
    }, 
    "73": {
      "avg_precision": 0.18087868291696949, 
      "agg_metric": 0
    }, 
    "72": {
      "avg_precision": 0.4070093232328462, 
      "agg_metric": 0
    }, 
    "71": {
      "avg_precision": 0.10869236583522297, 
      "agg_metric": 0
    }, 
    "70": {
      "avg_precision": 0.0012418734593392128, 
      "agg_metric": 0
    }, 
    "91": {
      "avg_precision": 0.014492753623188406, 
      "agg_metric": 0
    }, 
    "15": {
      "avg_precision": 0.012048192771084338, 
      "agg_metric": 0
    }, 
    "100": {
      "avg_precision": 0.21460530585929383, 
      "agg_metric": 0
    }, 
    "92": {
      "avg_precision": 0, 
      "agg_metric": 0
    }, 
    "95": {
      "avg_precision": 0.017857142857142856, 
      "agg_metric": 0
    }, 
    "97": {
      "avg_precision": 0.02197802197802198, 
      "agg_metric": 0
    }, 
    "96": {
      "avg_precision": 0.16381897710293877, 
      "agg_metric": 0
    }, 
    "11": {
      "avg_precision": 0.013333333333333334, 
      "agg_metric": 0
    }, 
    "10": {
      "avg_precision": 0.029850746268656716, 
      "agg_metric": 0
    }, 
    "39": {
      "avg_precision": 0.12832321768989688, 
      "agg_metric": 0
    }, 
    "38": {
      "avg_precision": 0.01075268817204301, 
      "agg_metric": 0
    }, 
    "59": {
      "avg_precision": 0, 
      "agg_metric": 0
    }, 
    "48": {
      "avg_precision": 0, 
      "agg_metric": 0
    }, 
    "17": {
      "avg_precision": 0, 
      "agg_metric": 0
    }, 
    "76": {
      "avg_precision": 0, 
      "agg_metric": 0
    }, 
    "19": {
      "avg_precision": 0.08848443223443223, 
      "agg_metric": 0
    }, 
    "54": {
      "avg_precision": 0.008695652173913044, 
      "agg_metric": 0
    }, 
    "31": {
      "avg_precision": 1.0, 
      "agg_metric": 0
    }, 
    "56": {
      "avg_precision": 0, 
      "agg_metric": 0
    }, 
    "51": {
      "avg_precision": 0, 
      "agg_metric": 0
    }, 
    "50": {
      "avg_precision": 0.004521050864965479, 
      "agg_metric": 0
    }, 
    "53": {
      "avg_precision": 0, 
      "agg_metric": 0
    }, 
    "34": {
      "avg_precision": 0.01763080474714138, 
      "agg_metric": 0
    }, 
    "33": {
      "avg_precision": 0.09142857142857143, 
      "agg_metric": 0
    }, 
    "55": {
      "avg_precision": 0, 
      "agg_metric": 0
    }, 
    "16": {
      "avg_precision": 0.09426551891659675, 
      "agg_metric": 0
    }, 
    "37": {
      "avg_precision": 0.09407407407407407, 
      "agg_metric": 0
    }, 
    "88": {
      "avg_precision": 0, 
      "agg_metric": 0
    }, 
    "47": {
      "avg_precision": 0.003968253968253968, 
      "agg_metric": 0
    }, 
    "57": {
      "avg_precision": 0.000784313725490196, 
      "agg_metric": 0
    }, 
    "90": {
      "avg_precision": 0.15705168051891036, 
      "agg_metric": 0
    }, 
    "65": {
      "avg_precision": 0.3023116577308366, 
      "agg_metric": 0
    }
  }, 
  "Point Fact": {
    "217": {
      "avg_precision": 0
    }, 
    "1301": {
      "avg_precision": 0.5
    }, 
    "1612": {
      "avg_precision": 0
    }, 
    "1942": {
      "avg_precision": 0
    }, 
    "288": {
      "avg_precision": 1.0
    }, 
    "2249": {
      "avg_precision": 0
    }, 
    "1464": {
      "avg_precision": 0
    }, 
    "1677": {
      "avg_precision": 0
    }, 
    "2241": {
      "avg_precision": 0
    }, 
    "1159": {
      "avg_precision": 1.0
    }, 
    "1098": {
      "avg_precision": 1.0
    }, 
    "260": {
      "avg_precision": 1.0
    }, 
    "1705": {
      "avg_precision": 1.0
    }, 
    "1707": {
      "avg_precision": 1.0
    }, 
    "2256": {
      "avg_precision": 1.0
    }, 
    "418": {
      "avg_precision": 0
    }, 
    "823": {
      "avg_precision": 0
    }, 
    "1124": {
      "avg_precision": 0
    }, 
    "192": {
      "avg_precision": 0
    }, 
    "392": {
      "avg_precision": 0
    }, 
    "110": {
      "avg_precision": 1.0
    }, 
    "276": {
      "avg_precision": 1.0
    }, 
    "921": {
      "avg_precision": 0
    }, 
    "796": {
      "avg_precision": 0.5
    }, 
    "2304": {
      "avg_precision": 1.0
    }, 
    "799": {
      "avg_precision": 0
    }, 
    "429": {
      "avg_precision": 0
    },