{
  "Pure Aggregate": {
    "11": {
      "avg_precision": 0.5692587012411469, 
      "agg_metric": 0
    }, 
    "10": {
      "avg_precision": 1.0, 
      "agg_metric": 1
    }, 
    "13": {
      "avg_precision": 0.15904586937966317, 
      "agg_metric": 0
    }, 
    "12": {
      "avg_precision": 0.3031897752359232, 
      "agg_metric": 1
    }, 
    "15": {
      "avg_precision": 0.7563733891959432, 
      "agg_metric": 1
    }, 
    "14": {
      "avg_precision": 0.9903456656764785, 
      "agg_metric": 1
    }, 
    "1": {
      "avg_precision": 0.9335457889526134, 
      "agg_metric": 1
    }, 
    "3": {
      "avg_precision": 0.5186644880483925, 
      "agg_metric": 0
    }, 
    "2": {
      "avg_precision": 0.06536965327372965, 
      "agg_metric": 0
    }, 
    "5": {
      "avg_precision": 0.2778854851923922, 
      "agg_metric": 1
    }, 
    "4": {
      "avg_precision": 0.023477210032815308, 
      "agg_metric": 0
    }, 
    "7": {
      "avg_precision": 0.4719101987137979, 
      "agg_metric": 1
    }, 
    "6": {
      "avg_precision": 0.7407407407407407, 
      "agg_metric": 0
    }, 
    "9": {
      "avg_precision": 0.9205587426611709, 
      "agg_metric": 1
    }, 
    "8": {
      "avg_precision": 1.0, 
      "agg_metric": 1
    }
  }
}